[
    {
        "Cancel_button": "Cancel",
        "Accept_button": "Accept",
        "Save_button": "Accept",
        "Back_button": "Back"
    },
    {
        "Global_Header_title": "OUTFIT"
    },
    {
        "MyOutfit_Header_title": "MY OUTFIT",
        "MyOutfit_Creatop_label": "Create new outfit",
        "MyOutfit_Mannequin_label": "Create new outfit using mannequin",
        "MyOutfit_Clothes_title": "Clothes",
        "MyOutfit_Skin_title": "Skin"
    },
    {
        "Variation_Header_title": "Variation settings",
        "Camera_Header_title": "Camera position"
    }
]